,Parameter,Mean_Good,Variance_Good,RMS_Good,SMRA_Good,Skewness_Good,Kurtosis_Good,Mean_Bad,Variance_Bad,RMS_Bad,SMRA_Bad,Skewness_Bad,Kurtosis_Bad,T-test
0,Chamber_Pressure,4.99609,0.0026764141002541455,4.99609071608326,4.996089642043662,0.8907065675570528,3.3973376415480874,4.999133333333333,0.003587147989807168,4.9991346188893315,4.999132690744253,0.8210565263087412,3.5276390020774917,1
1,Main_Gas_Flow,2457.14,61.8703689854701,2457.9179540596733,2456.7514164871864,0.13312589409340786,2.769767552572433,2437.95,35.591533125953426,2438.209497197118,2437.820056415929,-0.17534032646413733,2.7368612153739282,1
2,PF2_Pressure,5.100222222222223,0.0025236491128699714,5.100222845893871,5.100221910440135,0.6978255808948912,3.6157629565871208,5.1017600000000005,0.00445595925236447,5.101761943790706,5.101759028173361,0.16332190695553586,2.028741268328095,1
3,PF2_Gas_Flow,200.90800000000002,1.7440578921109473,200.91556142375387,200.90421706117604,-0.12192091339657117,1.9385826259823824,200.2408888888889,1.8014687151261597,200.2489831851005,200.2368387303061,-0.14946868796920554,2.2247628070517145,1
