,Parameter,Mean_Good,Variance_Good,RMS_Good,SMRA_Good,Skewness_Good,Kurtosis_Good,Mean_Bad,Variance_Bad,RMS_Bad,SMRA_Bad,Skewness_Bad,Kurtosis_Bad,T-test
0,Chamber_Pressure,4.9951711111111115,0.002224259231999001,4.995171605772029,4.995170863821028,0.734111709548658,2.5399586511349166,4.997526666666667,0.003473138620882405,4.997527872191743,4.997526063931068,0.12973764349914405,1.9700824021581318,1
1,Main_Gas_Flow,1784.3644444444444,6.3985591938932265,1784.3759039694148,1784.3587139011477,-0.06943829587609253,2.3296630786288715,1768.8477777777778,19.5600141930984,1768.9558021612636,1768.79377723955,0.055832626344977744,1.835434316032942,1
2,PF1_Pressure,5.184590000000001,0.002665168980612047,5.184590684261712,5.184589657932313,0.7195167122689344,2.9742932487517066,5.184653333333333,0.004773844198504307,5.184655528683764,5.184652235586915,-0.13959455429228107,1.6686437767417612,0
3,PF1_Gas_Flow,299.8675555555555,1.5781575768244254,299.87170371492016,299.8654815643976,0.026917786750341607,2.6530381755104,299.8961111111111,1.559154811148233,299.9001595901913,299.89408666384253,-0.026968152093765105,3.249692634931097,0
